titre,sous_titre,description,cat,sous_cat,link,link_title,lieu,img,img_alt,date
John ADAMS,,"Compositeur, chef d’orchestre et écrivain, John Adams (1947-) est une figure majeure de la musique américaine. Ses œuvres, accessibles, font de lui l’un des compositeurs vivants les plus joués de nos jours.",,,./0041367-john-adams.aspx,,,https://drop.philharmoniedeparis.fr/biographies/compositeurs/Adams-John/John-Adams-rencontre-a-la-Philharmonie-de-Paris-le-10-decembre-2016-©-Cite-de-la-musique-Philharmonie-de-Paris_350.jpg,Portrait du compositeur John Adams,1947-
Anton ARENSKI,,Anton Arenski (1861-1906) est un compositeur russe dont le style se trouve à la charnière des romantiques et du langage harmonique plus complexe de la génération suivante.,,,./0963749-biographie-anton-arenski.aspx,,,https://drop.philharmoniedeparis.fr/biographies/compositeurs/Arenski-Anton/Portrait-du-compositeur-Anton-Arenski-carte-postale-1910_LQ.jpg,"Portrait du compositeur Anton Arenski, carte postale 1910",1861-1906
Daniel-François-Esprit AUBER,,"Auber (1782-1871) est l’un des grands compositeurs français de la première moitié du XIXe siècle. Avec son librettiste Eugène Scribe, ils deviennent les chefs de file de l’opéra français.",,,./0043753-biographie-daniel-francois-esprit-auber.aspx,,,https://drop.philharmoniedeparis.fr/biographies/compositeurs/Auber-Daniel-francois-esprit/Auguste-Lemoine-Daniel-Francois-Esprit-Auber©Philharmonie-de-Paris-JM-Angles_LQ.jpg,"Auguste Lemoine, Daniel-François-Esprit Auber © Philharmonie de Paris, J.-M. Anglès",1782-1871
Carl Philipp Emanuel BACH,,"Carl Philipp Emanuel Bach (1714-1788) est le second fils de Johann Sebastian Bach. Claveciniste et compositeur, il est, par son écriture naturelle et sensible, l’un des précurseurs du style classique.",,,./0034792-biographie-carl-philipp-emanuel-bach.aspx,,,https://drop.philharmoniedeparis.fr/biographies/compositeurs/Bach-Carl-Philipp-Emanuel/Carl-Philipp-Emanuel-Bach©Herzog-August-Bibliothek_LQ.jpg,Carl Philipp Emanuel Bach © Herzog August Bibliothek,1714-1788
Johann Christian BACH,,"Johann Christian Bach (1735-1782) est le dernier fils de Johann Sebastian Bach. Installé à Londres, il mêle les influences allemandes et italiennes pour composer dans un style passionné et sensuel.",,,./0043851-biographie-johann-christian-bach.aspx,,,https://drop.philharmoniedeparis.fr/biographies/compositeurs/Bach-Johann-Christian/Thomas-Gainsborough-Jean-Chretien-Bach-1776©National-Portrait-Gallery-London-CC_LQ.jpg,"Thomas Gainsborough, Johann Christian Bach, 1776 © National Portrait Gallery London CC",1735-1782
Johann Sebastian BACH,,"Johann Sebastian Bach (1685-1750) est un compositeur majeur dans l’histoire de la musique. Son œuvre grandiose est écrite dans un style très dense, nourri d’un contrepoint complexe et très travaillé.",,,./0038240-biographie-johann-sebastian-bach.aspx,,,https://drop.philharmoniedeparis.fr/biographies/compositeurs/Bach-Johann-Sebastian/Johann-Sebastian-Bach©Herzog-August-Bibliothek_LQ.jpg,Johann Sebastian Bach © Herzog August Bibliothek,1685-1750
Wilhelm Friedemann BACH,,"Wilhelm Friedemann Bach (1710-1784), virtuose du clavier, est le premier fils de Johann Sebastian Bach. Le peu d’œuvres qui nous est parvenu de lui montre un style raffiné entre baroque et classique.",,,./0036950-biographie-wilhelm-friedemann-bach.aspx,,,https://drop.philharmoniedeparis.fr/biographies/compositeurs/Bach-Wilhelm-Friedemann/Wilhelm-Friedemann-Bach©Herzog-August-Bibliothek_LQ.jpg,Wilhelm Friedemann Bach © Herzog August Bibliothek,1710-1784
Samuel BARBER,,"Samuel Barber (1910-1981) est un compositeur américain récompensé à de nombreuses reprises pour ses œuvres. Son écriture, presque post-romantique, recèle toujours de belles lignes mélodiques.",,,./0053978-biographie-samuel-barber.aspx,,,https://drop.philharmoniedeparis.fr/biographies/compositeurs/Barber-Samuel/Carl-Van-Vechten-Samuel-Barber-1944©Library-of-congress_LQ.jpg,"Carl Van Vechten, Samuel Barber, 1944 © Library of congress",1910-1981
Béla BARTÓK,,"Béla Bartók (1881-1945) est un compositeur et pianiste hongrois. Passionné par la musique populaire hongroise, qu’il recueille et étudie, ses œuvres sont nourries du folklore de son pays.",,,./0051944-biographie-bela-bartok.aspx,,,https://drop.philharmoniedeparis.fr/biographies/compositeurs/Bartok-Bela/Bela-Bartok-ÖNB-Bildarchiv-und-Grafiksammlung_LQ.jpg,Béla Bartók en 1930 © Österreichische Nationalbibliothek,1881-1945
Ludwig Van BEETHOVEN,,"Ludwig Van Beethoven (1770-1827), pianiste virtuose et compositeur de génie, marque le début de la musique romantique à travers ses œuvres originales, audacieuses et passionnées.",,,./0038954-biographie-ludwig-van-beethoven.aspx,,,https://drop.philharmoniedeparis.fr/biographies/compositeurs/Van-beethoven-ludwig/Beethoven-composant-la-Missa-Solemnis-par-Joseph-Carl-Stieler-portrait-a-l-huile-1819-ou-1820©Beethoven-Haus-Bonn_LD.jpg,Beethoven composant la Missa Solemnis par Joseph Carl Stieler portrait à l’huile 1819 ou 1820 © Beethoven Haus Bonn,1770-1827
Karol BEFFA,,"Karol Beffa (1973-) est un compositeur et pianiste improvisateur. Diplômé du CNSM de Paris, il multiplie les études dans de nombreux domaines (littérature, histoire...), parallèlement à la musique.",,,./0058530-biographie-karol-beffa.aspx,,,https://drop.philharmoniedeparis.fr/biographies/compositeurs/Beffa-Karol/Karol-Beffa-Damien-Faber_350.jpg,Karol Beffa. Photo de Damien Faber/CC BY-SA 4.0,1973-
Luciano BERIO,,"Luciano Berio (1925-2003) est un compositeur italien d’avant-garde abordant tous les genres. Son œuvre, liée aux inventions technologiques, est emblématique de la création musicale du XXe siècle.",,,./0051474-biographie-luciano-berio.aspx,,,https://drop.philharmoniedeparis.fr/CMDP/CMDP000005500/Recueil-Photographies-Portraits-de-Luciano-Berio-Daniel-Cande©BnF-Gallica_LQ.JPG,Portrait du compositeur Luciano Berio. Daniel Cande © Gallica,1925-2003
Hector BERLIOZ,,"Hector Berlioz (1803-1869), compositeur romantique par excellence, est l’un des pères de la musique à programme. Dans ses œuvres grandioses et originales, il révolutionne l’écriture orchestrale.",,,./0038370-biographie-hector-berlioz.aspx,,,https://drop.philharmoniedeparis.fr/biographies/compositeurs/Berlioz-Hector/Hector-Berlioz-d-apres-Pierre-Petit©Bnf_LD.jpg,Portrait du musicien Hector Berlioz © BnF - par Pierre Petit,1803-1869
Leonard BERNSTEIN,,"Charismatique et énergique, Leonard Bernstein (1918-1990) est compositeur, pianiste, chef d’orchestre et pédagogue. Ses œuvres aux multiples influences sont représentatives de l’Amérique du XXe.",,,./0053875-biographie-leonard-bernstein.aspx,,,https://drop.philharmoniedeparis.fr/biographies/compositeurs/bernstein-leonard/Bernstein-leonard-par-jack-mitchell©wikimedia_LD.jpg,Portrait du compositeur Bernstein Leonard par Jack Mitchell ©wikimedia,1918-1990
Georges BIZET,,"Georges Bizet (1838-1875) est mondialement connu pour son célèbre opéra Carmen. Pourtant, le compositeur a mis du temps à trouver son style et à obtenir, enfin, la reconnaissance du public.",,,./0039019-biographie-georges-bizet.aspx,,,https://drop.philharmoniedeparis.fr/biographies/compositeurs/bizet-georges/Georges-Bizet-1870©Gallica-Bnf_LQ.jpg,Portrait du compositeur Georges Bizet 1870 © Gallica Bnf,1838-1875
Philippe BOESMANS,,"Pianiste dans un premier temps, Philippe Boesmans (1936-2022) ne se consacre que tardivement à la composition. Fou d’opéras, grand admirateur de Wagner, il s’épanouit dans le genre lyrique.",,,./0055278-biographie-philippe-boesmans.aspx,,,/ui/skins/MEDIA/images/picto-pages-decouverte-artiste.svg,Culture Musicale © DR,1936-2022
Alexandre BORODINE,,"Alexandre Borodine (1833-1887) partage sa vie entre la chimie et la musique. Compositeur du groupe des Cinq, il voyage en Europe, s’ouvre à la musique allemande et rencontre Liszt.",,,./0051288-biographie-alexandre-borodine.aspx,,,https://drop.philharmoniedeparis.fr/biographies/compositeurs/Borodine-Alexandre/Alexandre-Borodine-d-apres-le-tableau-d-A-Levinstein-1910©Gallica-BnF_LQ.jpg,"Portrait du compositeur Alexandre Borodine, d’après le tableau d’A. Levinstein, 1910 © Gallica BnF",1833-1887
Pierre BOULEZ,,"Pierre Boulez (1925-2016) est compositeur et chef d’orchestre. Ouvert aux innovations de son époque, il est à l’origine de plusieurs institutions destinées à promouvoir la musique du XXe siècle.",,,./0748111-biographie-pierre-boulez.aspx,,,https://drop.philharmoniedeparis.fr/biographies/compositeurs/Boulez-pierre/Joost-Evers-Anefo-Pierre-Boulez-1968©Nationaal-Archief-Nederland-CC_LQ.jpg,"Portrait du compositeur Pierre Boulez - Joost Evers / Anefo, Pierre Boulez, 1968 © Nationaal Archief Nederland CC",1925-2016
Johannes BRAHMS,,"Épris de littérature, Johannes Brahms (1833-1897) est un pianiste virtuose et un compositeur romantique passionné. Digne héritier de Beethoven, il conjugue forme traditionnelle et influence populaire.",,,./0039834-biographie-johannes-brahms.aspx,,,https://drop.philharmoniedeparis.fr/biographies/compositeurs/Brahms-Johannes/Johannes-Brahms©Library-of-Congress_LQ.jpg,Portrait du compositeur Johannes Brahm © Library of Congress,1833-1897
Benjamin BRITTEN,,"Inspiré par le folklore de son pays et admirateur de Purcell, Benjamin Britten (1913-1976) sait admirablement mettre en musique la langue anglaise, et compose pour les grands talents de son époque.",,,./0041319-biographie-benjamin-britten.aspx,,,https://drop.philharmoniedeparis.fr/biographies/compositeurs/britten-benjamin/Benjamin-Britten-Howard-Coster-1938©National-Portrait-Gallery-London-CC_LQ.jpg,Portrait du compositeur Benjamin Britten par Howard Coster en 1938 © National Portrait Gallery London,1913-1976
John CAGE,,"Curieux de tout, John Cage (1912-1992) est un compositeur iconoclaste qui a profondément marqué l’art et la musique du XXe siècle en remettant en question les fondements mêmes des disciplines.",,,./0034297-biographie-john-cage.aspx,,,https://drop.philharmoniedeparis.fr/biographies/compositeurs/Cage-John/Portrait-de-John-Cage-photographie-de-Rob-Bogaerts-1988©National-Archives-of-the-Netherlands-Anefo_LQ.jpg,"Portrait de John Cage, photographie de Rob Bogaerts, 1988 © National Archives of the Netherlands / Anefo",1912-1992
Alfredo CASELLA,,"Compositeur et chef d’orchestre, Alfredo Casella (1883-1947) est le porte parole d’un renouveau de la musique italienne. Il dirige les musiques de son époque mais aussi Vivaldi et Monteverdi.",,,./0041007-biographie-alfredo-casella.aspx,,,https://drop.philharmoniedeparis.fr/biographies/compositeurs/Casella-Alfredo/Portrait-de-Alfredo-Casella©Library-of-Congress_LQ.jpg,Portrait de Alfredo Casella © Library of Congress,1883-1947
Emmanuel CHABRIER,,"Côtoyant de nombreux artistes, Emmanuel Chabrier (1841-1894) quitte son poste au ministère de l’Intérieur pour se consacrer à la musique et à la composition d’œuvres aux harmonies originales.",,,./0052945-biographie-emmanuel-chabrier.aspx,,,https://drop.philharmoniedeparis.fr/biographies/compositeurs/Chabrier-emmanuel/Edouard-Manet-Emmanuel-Chabrier©Ordrupgaard-Art-Museum_LQ.jpg,"Edouard Manet, Emmanuel Chabrier © Ordrupgaard Art Museum",1841-1894
Marc-Antoine CHARPENTIER,,"Éclipsé par Lully, Marc-Antoine Charpentier (1643-1704) est malgré tout un compositeur apprécié du roi et de la cour. Sa musique possède un style unique, mêlant influences françaises et italiennes.",,,./0032914-biographie-marc-antoine-charpentier.aspx,,,https://drop.philharmoniedeparis.fr/biographies/compositeurs/Charpentier-Marc-Antoine/Marc-Antoine-Charpentier-vers-1700©DR_LQ.jpg,Marc-Antoine Charpentier vers 1700 © DR,1643-1704
Unsuk CHIN,,"Unsuk Chin (1961-) suit ses premiers cours de composition en Corée, puis part étudier en Allemagne, auprès de Ligeti. Elle est aujourd’hui reconnue partout en Europe et aux États-Unis.",,,./0692983-biographie-unsuk-chin.aspx,,,https://drop.philharmoniedeparis.fr/biographies/compositeurs/Chin-Unsuk/Unsuk-Chin©Luc-Hossepied-pour-l-Ensemble-Intercontemporain_LQ.jpg,Unsuk Chin © Luc Hossepied pour l’Ensemble Intercontemporain,1961-
Dmitri CHOSTAKOVITCH,,"Surnommé l’« enfant terrible » de la musique soviétique, tantôt admiré tantôt décrié, Dmitri Chostakovitch (1906-1975) aura entretenu toute sa vie une relation complexe avec le Parti.",,,./0041439-dmitri-chostakovitch.aspx,,,https://drop.philharmoniedeparis.fr/biographies/compositeurs/Chostakovitch-Dmitri/Chostakovitch-Roger-et-Renate-Rossing-Deutsche-Fotothek_350.jpg,"Chostakovitch lors des Célébrations Bach, 1950, photo de Roger et Renate Rössing. Deutsche Fotothek CC BY-SA 3.0",1906-1975
Silvia COLASANTI,,"Silvia Colasanti (1975-) étudie auprès de compositeurs renommés et obtient de nombreux prix. Jouée partout en Europe, sa musique, pleine de contrastes, est à la fois contemporaine et accessible.",,,./1037734-biographie-silvia-colasanti.aspx,,,/ui/skins/MEDIA/images/picto-pages-decouverte-artiste.svg,Culture Musicale © DR,1975-
Claude DEBUSSY,,"Par son écriture originale, Claude Debussy (1862-1918) est l’un des pères de la musique moderne. Ses œuvres avant-gardistes reflètent l’influence des arts et des musiques extra-européennes.",,,./0051746-biographie-de-claude-debussy.aspx,,,https://drop.philharmoniedeparis.fr/biographies/compositeurs/Debussy-claude/Claude-Debussy-D-apres-le-portrait-de-Marcel-Baschet-1884©bnf_LD.jpg,Portrait du compositeur Claude Debussy d’après le portrait de Marcel Baschet 1884 © BnF,1862-1918
Léo DELIBES,,"Attiré par la musique de scène, Léo Delibes (1836-1891) renouvelle le genre du ballet et s’illustre dans l’opéra. Son style suscite l’admiration des grands compositeurs français tels Fauré ou Debussy.",,,./0043759-biographie-leo-delibes.aspx,,,https://drop.philharmoniedeparis.fr/biographies/compositeurs/Delibes-Leo/Leo-Delibes-1888©Gallica-BnF_LQ.jpg,Portrait du compositeur Léo Delibes,1836-1891
Hugues DUFOURT,,"Compositeur et philosophe, Hugues Dufourt (1943-) a contribué à la définition du mouvement spectral. Une grande part de son œuvre s’appuie sur de grands sujets picturaux et littéraires.",,,./0040868-biographie-hugues-dufourt.aspx,,,/ui/skins/MEDIA/images/picto-pages-decouverte-artiste.svg,Hugues Dufourt (photographie de presse) © Astrid Karger,1943-
Paul DUKAS,,"Perfectionniste, Paul Dukas (1865-1935) détruit nombre de ses œuvres qu’il ne juge pas à la hauteur. Brillant orchestrateur, il compose dans un style indépendant, entre romantisme et impressionnisme.",,,./0043731-biographie-paul-dukas.aspx,,,https://drop.philharmoniedeparis.fr/biographies/compositeurs/Dukas-Paul/Paul-Dukas-La-Revue-musicale-1926-[detail]©DR_LQ.jpg,"Portrait du compositeur Paul Dukas, la revue musicale 1926 © DR",1865-1935
Henri DUTILLEUX,,"Henri Dutilleux (1916-2013) compose une musique héritière du style classique tout en employant un langage d’avant-garde. Ses œuvres, nées d’une longue maturation, séduisent le public par leur poésie.",,,./0041134-biographie-henri-dutilleux.aspx,,,https://drop.philharmoniedeparis.fr/biographies/compositeurs/Dutilleux-henri/Portrait-d-Henri-Dutilleux©Coupannec-Leemage_LQ.jpg,Portrait d’Henri Dutilleux © Coupannec / Leemage,1916-2013
Antonín DVOŘÁK,,"Antonín Dvořák (1841-1904) compose des œuvres où se mêlent musique slave et romantisme allemand. Reconnu et encouragé par Brahms, sa renommée s’étend jusqu’en Amérique.",,,./0035605-biographie-antonin-dvorak.aspx,,,https://drop.philharmoniedeparis.fr/biographies/compositeurs/Dvorak-antonin/Anton-Dvorak-1900©Gallica-BnF_LQ.jpg,"Portrait du compositeur Antonín Dvořák, 1900 © Gallica BnF",1841-1904
Duke ELLINGTON,,"L’importance de Duke Ellington dans l’histoire du jazz est considérable. Pianiste, compositeur et chef d’orchestre, son nom est associé à certains des thèmes les plus fameux de cette musique.",,,./0039856-duke-ellington.aspx,,,https://drop.philharmoniedeparis.fr/CMDP/CMDP000011300/Portrait-de-Duke-Ellington-©-William-Gottlieb-Library-of-Congress_350.jpg,"Portrait de Duke Ellington, photo de William Gottlieb. Library of Congress",1899-1974
César FRANCK,,"Compositeur, organiste, professeur au Conservatoire de Paris, César Franck (1822-1890) participe au renouveau de la musique française et inspire la nouvelle génération de musiciens.",,,./0040974-cesar-franck.aspx,,,https://drop.philharmoniedeparis.fr/biographies/compositeurs/Franck-Cesar/Cesar-Franck-photo-Pierre-Petit-1887-Gallica-BnF_350.jpg,,1822-1890
Giovanni GABRIELI,,"Entre Renaissance et baroque, Giovanni Gabrieli (entre 1554 et 1557-1612) compose encore dans un style polyphonique tout en se montrant innovant, notamment dans sa musique instrumentale.",,,./0035059-biographie-giovanni-gabrieli.aspx,,,https://drop.philharmoniedeparis.fr/biographies/compositeurs/generique-compositeur.jpg,Portrait du compositeur Giovanni Gabrieli par Annibale Carracci ©Wikipedia,155?-1612
Christoph Willibald GLUCK,,"Ayant acquis une grande expérience de ses voyages en Europe, Christoph Willibald Gluck (1714-1787) réforme l’opéra en composant une musique plus naturelle au service du texte et de l’action.",,,./0045806-biographie-christoph-willibald-gluck.aspx,,,https://drop.philharmoniedeparis.fr/Biographies/compositeurs/Gluck-Christoph-Willibald/E-Desmaisons-Christoph-Willibald-Gluck©Philharmonie-de-Paris-J-M-Angles_LQ.jpg,"E. Desmaisons, Christoph Willibald Gluck © Philharmonie de Paris, JM. Anglès",1714-1787
François-Joseph GOSSEC,,"Pris dans la tourmente de la Révolution française et homme à hautes responsabilités, François-Joseph Gossec (1734-1829) compose des œuvres au service du gouvernement républicain.",,,./0042588-biographie-francois-joseph-gossec.aspx,,,https://drop.philharmoniedeparis.fr/Biographies/compositeurs/Gossec-Francois-Joseph/Portrait-de-Francois-Joseph-Gossec-par-Antoine-Vestier-vers-1791-©-Jean-Marc-Angles-(photo)-Philharmonie-de-Paris-Musee-de-la-musique_350.jpg,Portrait de François-Joseph Gossec par Antoine Vestier vers 1791 © Jean-Marc Anglès (photo) - Philharmonie de Paris - Musée de la musique,1734-1829
Charles GOUNOD,,"Charles Gounod (1818-1893) se consacre principalement à la musique vocale et religieuse. Par son style épuré et élégant, il innove et donne un nouveau souffle à l’opéra français du XIXe siècle.",,,./0041286-biographie-charles-gounod.aspx,,,https://drop.philharmoniedeparis.fr/Biographies/compositeurs/Gounod-Charles/Nadar-Charles-Gounod-1890©Gallica-BnF_LQ.jpg,"Nadar, Charles Gounod, 1890 © Gallica BnF",1818-1893
Edvard GRIEG,,"Dans ses compositions d’influence romantique et au langage harmonique audacieux, Edvard Grieg (1843-1907) insuffle une veine populaire, puisée dans le folklore de sa Norvège natale.",,,./0035221-biographie-edvard-grieg.aspx,,,https://drop.philharmoniedeparis.fr/Biographies/compositeurs/Grieg-Edvard/Portrait-de-Edvard-Grieg-photo-de-Axel-Lindahl-1876©Bibliotheque-de-Bergen-Norvege_350.jpg,"Portrait de Edvard Grieg, photo de Axel Lindahl, 1876 © Bibliothèque de Bergen, Norvège",1843-1907
Georg Friedrich HAAS,,"L’expérimentation sonore et l’intégration du spectre harmonique irriguent les compositions de Georg Friedrich Haas (1953-), qui repousse sans cesse les possibilités de la gamme tempérée.",,,./0987125-biographie-georg-friedrich-haas.aspx,,,/ui/skins/MEDIA/images/picto-pages-decouverte-artiste.svg,Culture Musicale © DR,1953-
Georg Friedrich HAENDEL,,"Né en Allemagne, Georg Friedrich Haendel (1685-1759) s’installe en Angleterre, terre d’adoption où il rencontre le succès. Il y compose de nombreux operas serias et crée l’oratorio anglais.",,,./0038705-biographie-georg-friedrich-haendel.aspx,,,https://drop.philharmoniedeparis.fr/biographies/compositeurs/Haendel-Georg-Friedrich/Balthasar-Denner-George-Frideric-Handel©National-Portrait-Gallery-London-CC_LQ.jpg,"Balthasar Denner, portrait de Georg Friedrich Haendel © National Portrait Gallery London CC",1685-1759
Cristóbal HALFFTER,,"Compositeur et chef d’orchestre, Cristóbal Halffter (1930-2021) participe au renouvellement de la musique espagnole en faisant appel dans ses œuvres aux techniques sérielles, aléatoires et électroniques.",,,./0042632-biographie-cristobal-halffter.aspx,,,/ui/skins/MEDIA/images/picto-pages-decouverte-artiste.svg,Culture Musicale © DR,1930-2021
Joseph HAYDN,,"Ami de Mozart, maître de Beethoven, Joseph Haydn (1732-1809) est une figure majeure de l’époque classique. Il contribue notamment à fixer les formes de la symphonie et du quatuor à cordes.",,,./0038599-biographie-joseph-haydn.aspx,,,https://drop.philharmoniedeparis.fr/biographies/compositeurs/Haydn-Joseph/Thomas-Hardy-Franz-Joseph-Haydn©Gallica-BnF_LQ.jpg,"Franz Joseph Haydn, par Thomas Hardy © Gallica - BnF",1732-1809
Pierre HENRY,,"Pionnier de la musique concrète, sacré « pape de la techno » par la jeune génération dans les années 1990, Pierre Henry (1927-2017) expérimente le son sous toutes ses formes.",,,./0055491-pierre-henry.aspx,,,https://drop.philharmoniedeparis.fr/biographies/compositeurs/Henry-Pierre/Pierre-Henry-photo-Thierry-Martinot-Lebrecht_350.jpg,Pierre Henry dans son studio à Paris en 1996. Photo de Thierry Martinot/Lebrecht,1927-2017
Arthur HONEGGER,,"Membre du groupe des Six, Arthur Honegger (1892-1955) est un compositeur indépendant et intemporel, entre tradition et modernité. Ses œuvres sont exigeantes tout en restant accessibles.",,,./0041231-biographie-arthur-honegger.aspx,,,https://drop.philharmoniedeparis.fr/biographies/compositeurs/Honegger-Arthur/Arthur-Honegger-Photographie-de-presse-Agence-Meurisse-1928©Gallica-BnF_LQ.jpg,"Arthur Honegger, Photographie de presse, agence Meurisse © Gallica BnF",1892-1955
Leoš JANÁČEK,,Leoš Janáček (1854-1928) est l’un des plus grands défenseurs de la culture tchèque. Il compose selon une forme d’écriture vocale inspirée de la façon naturelle dont les Tchèques parlent et chantent.,,,./0046339-biographie-leos-janacek.aspx,,,https://drop.philharmoniedeparis.fr/biographies/compositeurs/Janacek-Leos/Portrait-de-Leos-Janacek©Osterreichische-Nationalbibliothek_LQ.jpg,Portrait de Leoš Janáček © Osterreichische Nationalbibliothek,1854-1928
Betsy JOLAS,,"Compositrice et pédagogue, lauréate de nombreux prix, Betsy Jolas (1926-) écrit beaucoup pour la voix qui occupe une place essentielle dans ses œuvres et qu’elle traite parfois comme un instrument.",,,./0051665-biographie-betsy-jolas.aspx,,,https://drop.philharmoniedeparis.fr/biographies/compositeurs/Jolas-Betsy/Fernand-Michaud-Betsy-Jolas-1986©Gallica-BnF_LQ.jpg,"Portrait de Betsy Jolas, photographie de Fernand Michaud, 1986 © Gallica - BnF",1926-
André JOLIVET,,"Élève de Varèse, André Jolivet (1905-1974) élabore un style d’écriture original, teinté de primitivisme et de spiritualité. Abordant tous les genres, il compose beaucoup pour de Comédie-Française.",,,./0038637-biographie-andre-jolivet.aspx,,,https://drop.philharmoniedeparis.fr/biographies/compositeurs/Jolivet-Andre/Caricature-de-Jolivet-par-Pierre-Victor-Pasquier-©-Jean-Marc-Angles-(photo)-Philharmonie-de-Paris-Musee-de-la-musique_350.jpg,Caricature de Jolivet par Pierre-Victor Pasquier © Jean-Marc Anglès (photo) - Philharmonie de Paris - Musée de la musique,1905-1974
Mauricio KAGEL,,"S’attaquant à plusieurs domaines artistiques, Mauricio Kagel (1931-2008) s’attache à renverser, avec ironie et mordant, les us et coutumes de la musique occidentale, comme le concert en lui-même.",,,./0042153-biographie-mauricio-kagel.aspx,,,https://drop.philharmoniedeparis.fr/biographies/compositeurs/Kagel-Mauricio/Portrait-de-Mauricio-Kagel-1959©Osterreichischen-Nationalbibliothek_LQ.jpg,"Portrait de Mauricio Kagel, 1959 © Österreichischen Nationalbibliothek",1931-2008
György KURTÁG,,"Spécialiste de l’épure, sans cesse à la recherche de l’essentiel, György Kurtág (1926-) aborde rarement les grandes œuvres pour orchestre et préfère les petits effectifs et les miniatures.",,,./0035912-biographie-gyorgy-kurtag.aspx,,,/ui/skins/MEDIA/images/picto-pages-decouverte-artiste.svg,Culture musicale © Dr,1926-
Mauro LANZA,,"Dans sa musique, très joueuse et souvent malicieuse, Mauro Lanza (1975-) mélange instruments traditionnels, électroacoustique, et tout un éventail d’instruments jouets et de machines étonnantes.",,,./0781558-biographie-mauro-lanza.aspx,,,/ui/skins/MEDIA/images/picto-pages-decouverte-artiste.svg,Culture musicale © Dr,1975-
György LIGETI,,"Travaillant sur le timbre et le rapport au temps, György Ligeti (1923-2006) compose des œuvres complexes et toujours très rigoureusement écrites, où la matière sonore est perpétuellement mouvante.",,,./0044103-biographie-gyorgy-ligeti.aspx,,,https://drop.philharmoniedeparis.fr/biographies/compositeurs/Ligeti-Gyorgy/Portrait-de-Gyorgy-Ligeti-photographie-de-Marcel-Antonisse-1984©National-Archives-of-the-Netherlands-Anefo_LQ.jpg,"Portrait de György Ligeti, photographie de Marcel Antonisse, 1984 © National Archives of the Netherlands / Anefo",1923-2006
Franz LISZT,,"Pianiste virtuose, Franz Liszt (1811-1886) compose des œuvres exigeantes pour son instrument de prédilection avant de se tourner vers l’orchestre, en créant notamment le genre du poème symphonique.",,,./0040912-biographie-franz-liszt.aspx,,,https://drop.philharmoniedeparis.fr/biographies/compositeurs/liszt-franz/portrait-de-Franz-Liszt-jeune©BnF-Gallica_LQ.jpg,Portrait du compositeur Franz Liszt jeune © RMN / image Compiègne,1811-1886
Jean-Baptiste LULLY,,"Maître dans l’art de la danse, collaborateur de Molière dans les comédies-ballets, Jean-Baptiste Lully (1632-1687) est surtout le créateur de l’opéra français, à savoir la tragédie lyrique.",,,./0042582-biographie-jean-baptiste-lully.aspx,,,https://drop.philharmoniedeparis.fr/CMDP/CMDP000005900/Jean-Baptiste-Lully_Paulus-Mignard©BNF_LQ.jpg,"Portrait du compositeur Jean-Baptiste Lully, secrétaire du Roy et sur-intendant de sa musique / Paulus Mignard © BNF",1632-1687
Gustav MAHLER,,"Chef d’orchestre intransigeant, compositeur de génie incompris de ses contemporains, Gustav Mahler (1860-1911) s’est particulièrement illustré dans la symphonie et le lied avec orchestre.",,,./0051521-gustav-mahler.aspx,,,https://drop.philharmoniedeparis.fr/biographies/compositeurs/Mahler-Gustav/Gustav-Mahler-Moritz-Nahr-1907-onb_350.jpg,"Portrait de Gustav Mahler dans le foyer de l’Opéra de Vienne, photo de Moritz Nähr, 1907. Österreichische Nationalbibliothek",1860-1911
Philippe MANOURY,,"Philippe Manoury (1952-) a composé des œuvres dans tous les genres. À la pointe de la recherche et de l’innovation, il est en prise directe avec son temps et le questionne inlassablement.",,,./0055610-biographie-philippe-manoury.aspx,,,https://drop.philharmoniedeparis.fr/biographies/compositeurs/Manoury-Philippe/Philippe-Manoury©Pauline-de-Mitt_LQ.jpg,Philippe Manoury © Pauline de Mitt,1952-
Bruno MANTOVANI,,"Abordant de multiples genres, Bruno Mantovani (1974-) conjugue hommage aux compositeurs du passé et références aux répertoires populaires, tout en favorisant la rencontre avec les autres arts.",,,./0048780-biographie-bruno-mantovani.aspx,,,https://drop.philharmoniedeparis.fr/biographies/compositeurs/Mantovani-Bruno/Bruno-Mantovani-Philharmonie-de-Paris-26-janvier-2016-©-Cite-de-la-musique-Philharmonie-de-Paris_350.jpg,Portrait de Bruno Mantovani,1974-
Jules MASSENET,,"Jules Massenet (1842-1912) consacre sa carrière de compositeur essentiellement à l’opéra. Également réputé en tant que pédagogue, il compte parmi ses élèves de grands compositeurs français.",,,./0037527-biographie-jules-massenet.aspx,,,https://drop.philharmoniedeparis.fr/biographies/compositeurs/Massenet-Jules/Jules-Massenet-photo-de-Pierre-Petit-1880-Gallica-BnF_350.jpg,Portrait de Jules Massenet © Philharmonie de Paris JM Angles,1842-1912
Étienne-Nicolas MÉHUL,,"Au cœur de la Révolution française, Étienne-Nicolas Méhul (1763-1817) compose des œuvres prônant l’idéologie du gouvernement républicain, mais s’affirme surtout comme un précurseur du romantisme.",,,./0033566-biographie-etienne-nicolas-mehul.aspx,,,https://drop.philharmoniedeparis.fr/biographies/compositeurs/Mehul-Etienne-Nicolas/Portrait-de-Etienne-Nicolas-Mehul-©-Gallica-BnF_350.jpg,Portrait de Étienne-Nicolas Méhul © Gallica-BnF,1763-1817
Felix MENDELSSOHN-BARTHOLDY,,"Pianiste, compositeur, chef d’orchestre, Felix Mendelssohn-Bartholdy (1809-1847) est connu pour le raffinement de ses œuvres, leur poésie, l’originalité et la subtilité de ses couleurs orchestrales.",,,./0038902-biographie-de-felix-mendelssohn-bartholdy.aspx,,,https://drop.philharmoniedeparis.fr/biographies/compositeurs/Mendelssohn-Felix/Felix-Mendelssohn-d-apres-un-tableau-de-Carl-Jager©Gallica-BnF_LQ.jpg,Felix Mendelssohn d’après un tableau de Carl Jäger © Gallica-BnF,1809-1847
André MESSAGER,,"André Messager (1853-1929) compose beaucoup, avec succès, pour le théâtre (ballets, opérettes et opéras). En tant que chef d’orchestre, il travaille à la diffusion de la musique symphonique allemande.",,,./0558275-biographie-de-andre-messager.aspx,,,https://drop.philharmoniedeparis.fr/biographies/compositeurs/messager-andre/Andre-Messager-(-photographie-de-presse-Agence-Meurisse-)©Gallica-BnF_LQ.jpg,André Messager (photographie de presse Agence Meurisse) © Gallica - BnF,1853-1929
Olivier MESSIAEN,,"Profondément croyant, Olivier Messiaen (1908-1992) insuffle à ses œuvres un caractère religieux, mêlé à son amour des chants d’oiseaux et son goût pour la rythmique hindoue et la métrique grecque.",,,./0038929-biographie-olivier-messiaen.aspx,,,https://drop.philharmoniedeparis.fr/biographies/compositeurs/Messiaen-Olivier/Olivier-Messiaen-au-piano©Osterreichische-Nationalbibliothek_LQ.jpg,Olivier Messiaen au piano © Österreichische Nationalbibliothek,1908-1992
Claudio MONTEVERDI,,"Entre Renaissance et baroque, Claudio Monteverdi (1567-1643) mène la quête d’une union parfaite entre poésie et musique, qui le conduira jusqu’à l’opéra dont il est l’un des fondateurs.",,,./0039773-biographie-claudio-monteverdi.aspx,,,https://drop.philharmoniedeparis.fr/biographies/compositeurs/Monteverdi-Claudio/Portrait-de-Monteverdi-par-Bernardo-Strozzi-1640©Tyrolean-State-Museum-Ferdinandeum-Autriche_LQ.jpg,"Portrait de Monteverdi par Bernardo Strozzi, 1640 © Tyrolean State Museum Ferdinandeum, Autriche",1567-1643
Modest MOUSSORGSKI,,"Membre du groupe des Cinq, souhaitant porter haut les couleurs de la musique russe, Modest Moussorgski (1839-1881) meurt à seulement 42 ans en laissant de nombreuses œuvres inachevées.",,,./0035239-modest-moussorgski.aspx,,,https://drop.philharmoniedeparis.fr/biographies/compositeurs/Moussorgski-Modeste/Modest-Moussorgski-par-Ilya-Repin-1881-Tretyakov-Gallery-Moscou_350.jpg,"Carel L. Dake, Wolfgang Amadeus Mozart © Philharmonie de Paris",1839-1881
Wolfgang Amadeus MOZART,,"Compositeur de génie, Wolfgang Amadeus Mozart (1756-1791) aborde tous les genres musicaux. Nombre de ses compositions sont des chefs-d’œuvre, en particulier dans le genre de l’opéra qu’il transcende.",,,./0055853-biographie-wolfgang-amadeus-mozart.aspx,,,https://drop.philharmoniedeparis.fr/biographies/compositeurs\Mozart-Wolfgang-Amadeus\Wolfgang-Amadeus-Mozart-Carel-L-Dake©Philharmonie-de-Paris_LQ.jpg,"Carel L. Dake, Wolfgang Amadeus Mozart © Philharmonie de Paris",1756-1791
Jacques OFFENBACH,,"Jacques Offenbach (1819-1880) consacre sa carrière de compositeur essentiellement à la musique de scène, collaborant pour de nombreuses œuvres avec le librettiste Ludovic Halévy.",,,./0055829-biographie-jacques-offenbach.aspx,,,https://drop.philharmoniedeparis.fr/biographies/compositeurs/Offenbach-Jacques/Nadar-Jacques-Offenbach©Gallica-Bnf_LQ.jpg,Jacques Offenbach par Nadar © Gallica Bnf,1819-1880
Giovanni Battista PERGOLESI,,"Disparu trop tôt du fait d’une santé fragile, Giovanni Battista Pergolesi laissera néanmoins quelques chefs-d’œuvre tels que son intermezzo La Serva Padrona et son Stabat Mater.",,,./1092582-biographie-giovanni-battista-pergolesi.aspx,,,https://drop.philharmoniedeparis.fr/biographies/compositeurs/pergolesi-giovanni-battista/portrait-giovanni-battista-pergolesi-conservatorio-di-san-pietro-a-majella-naples_350.jpg,Portrait de Giovanni Battista Pergolesi. Source : Conservatoire San Pietro a Majella de Naples,1710-1736
Gérard PESSON,,Gérard Pesson (1958-) intègre transcriptions et citations musicales au sein de ses œuvres. Il multiplie également les références aux sources extra-musicales telles que la littérature et la peinture.,,,./0040442-biographie-gerard-pesson.aspx,,,/ui/skins/MEDIA/images/picto-pages-decouverte-artiste.svg,Gérard Pesson © C. Daguet / Éditions Henry Lemoine,1958-
Sergueï PROKOFIEV,,"Sergueï Prokofiev (1891-1953) compose des œuvres puissantes et fougueuses à l’image de son jeu pianistique. L’écriture, au langage audacieux parfois dissonant, alterne passages percussifs et lyrisme.",,,./0036697-biographie-serguei-prokofiev.aspx,,,https://drop.philharmoniedeparis.fr/biographies/compositeurs/Prokofiev-Serguei/Sergei-Prokofiev©Library-of-congress_LQ.jpg,Serguei Prokofiev © Library of congress,1891-1953
Henry PURCELL,,"Particulièrement habile à mettre en musique la langue anglaise, Henry Purcell (1659-1695) devient le principal artisan de la création d’un opéra spécifiquement anglais : le semi-opera.",,,./0035234-biographie-henry-purcell.aspx,,,https://drop.philharmoniedeparis.fr/biographies/compositeurs/Purcell-Henry/Henry-Purcell-dapres-John-Closterman-vers-1695-National-Portrait-Gallery-London_350.jpg,"Henry Purcell, d’après John Closterman, vers 1695. National Portrait Gallery, London CC BY-NC-ND 3.0",1659-1695
Henri RABAUD,,"Compositeur et chef d’orchestre, lauréat du prix de Rome, Henri Rabaud (1873-1949) est un musicien respecté qui bénéficie de la reconnaissance des institutions artistiques officielles.",,,./0036326-biographie-henri-rabaud.aspx,,,https://drop.philharmoniedeparis.fr/biographies/compositeurs/Rabaud-henri/Henri-Rabaud-1900©Library-of-Congress_LQ.jpg,"Portrait de Henri Rabaud, 1900 © Library of Congress",1873-1949
Jean-Philippe RAMEAU,,"Grand musicien et théoricien, Jean-Philippe Rameau (1683-1764) ne se fait connaître comme compositeur qu’à l’âge 50 ans, notamment avec ses tragédies lyriques et ses opéras-ballets.",,,./0042719-biographie-jean-philippe-rameau.aspx,,,https://drop.philharmoniedeparis.fr/biographies/compositeurs/Rameau-Jean-Philippe/Portrait-de-Jean-Philippe-Rameau©Philharmonie-de-Paris-JM-Angles_LQ.jpg,"Portrait de Jean-Philippe Rameau © Philharmonie de Paris, J.-M. Anglès",1683-1764
Maurice RAVEL,,"Maurice Ravel (1875-1937) est un brillant compositeur et orchestrateur dont les œuvres, colorées et féériques, reflètent son goût pour l’Espagne et la danse, à l’image de son célèbre Bolero.",,,./0041014-biographie-maurice-ravel.aspx,,,https://drop.philharmoniedeparis.fr/biographies/compositeurs/ravel-maurice/maurice-ravel-1910©BnF_LQ.jpg,Portrait du compositeur Maurice Ravel 1910 © BnF / image Compiègne,1875-1937
Jean-Féry REBEL,,"Jean-Féry Rebel (1666-1747) est l’un des premiers en France à composer pour le violon, dont il joue avec talent. Il consacre ses dernières compositions, parfois audacieuses, à la musique de danse.",,,./0060662-biographie-jean-fery-rebel.aspx,,,https://drop.philharmoniedeparis.fr/biographies/compositeurs/Rebel-Jean-Fery/Jean-Moyreau-Portrait-de-Jean-Fery-Rebel-1718©Philharmonie-de-Paris-JM-Angles_LQ.jpg,"Jean Moyreau, Portrait de Jean-Féry Rebel, 1718 © Philharmonie de Paris, J.-M. Angles",1666-1747
Steve REICH,,"Héraut d’une musique sans frontière, Steve Reich (1936-) appartient à cette génération de compositeurs américains qui vont chambouler les catégories esthétiques dès les années 1960.",,,./0049709-steve-reich.aspx,,,https://drop.philharmoniedeparis.fr/biographies/compositeurs/Reich-Steve/Steve-Reich-photo-Wonge-Bergmann_350.jpg,Steve Reich. Photo de Wonge Bergmann,1936-
Ottorino RESPIGHI,,"Élève de Rimski-Korsakov, Ottorino Respighi (1879-1936) compose des œuvres dans la tradition romantique, à l’image de son célèbre triptyque de poèmes symphoniques autour de la ville de Rome.",,,./0052295-biographie-ottorino-respighi.aspx,,,https://drop.philharmoniedeparis.fr/biographies/compositeurs/Respighi-ottorino/Ottorino-Respighi-Ghitta-Lorell-Rome-1934©Gallica-BnF_LQ.jpg,Ottorino Respighi Ghitta Lorell Rome 1934 © Gallica BnF,1879-1936
Max RICHTER,,"Musicien et compositeur, Max Richter est considéré comme l’une des principales influences pour les compositeurs post-minimalistes et une figure incontournable de la musique néoclassique.",,,./1041897-biographie-max-richter.aspx,,,https://drop.philharmoniedeparis.fr/biographies/compositeurs/Richter-Max/MaxRichter-photo-Charles-d-Herouville_350.jpg,Max Richter. Photo : Charles d’Hérouville,1966-
Wolfgang RIHM,,"Soucieux d’écrire une musique expressive qui s’adresse à l’auditeur, Wolfgang Rihm (1952-) compose des œuvres contrastées où coexistent éléments romantiques et utilisation très libre de l’harmonie.",,,./0050418-biographie-wolfgang-rihm.aspx,,,/ui/skins/MEDIA/images/picto-pages-decouverte-artiste.svg,Culture musicale © DR,1952-
Nikolaï RIMSKI-KORSAKOV,,"Grand orchestrateur, Nikolaï Rimski-Korsakov (1844-1908) aime retravailler les œuvres de ses confrères du groupe des Cinq, tout en composant sa propre musique : opéras, symphonies...",,,./0039252-biographie-nikolai-rimski-korsakov.aspx,,,https://drop.philharmoniedeparis.fr/biographies/compositeurs/Rimski-Korsakov-nikolai/Rimski-Korsakoff-1937©Library-of-Congress_LQ.jpg,Rimski Korsakoff 1937 © Library of Congress,1844-1908
Gioacchino ROSSINI,,"Très prolifique, adepte du bel canto, Gioachino Rossini (1792-1868) compose de nombreux opéras : Le Barbier de Séville, Guillaume Tell... L’utilisation du crescendo caractérise son écriture.",,,./0043689-biographie-gioachino-rossini.aspx,,,https://drop.philharmoniedeparis.fr/CMDP/CMDP000005300/Portrait-de-Gioachino-Rossini-photographie-par-Gustave-Le-Gray©Bnf_LQ.jpg,Portrait du compositeur Gioacchino Rossini par Gustave Le Gray © Bnf,1792-1868
Albert ROUSSEL,,"Albert Roussel (1869-1937) s’inspire de son expérience de marin et de ses voyages pour composer des œuvres caractérisées par d’amples mélodies, des harmonies raffinées et des rythmes accentués.",,,./0044284-biographie-albert-roussel.aspx,,,https://drop.philharmoniedeparis.fr/biographies/compositeurs/Roussel-Albert/Albert-Roussel-photographie-de-presse-Agence-Meurisse©Gallica-BnF_LQ.jpg,"Portrait du compositeur Albert Roussel - Photographie de presse, agence Meurisse © Gallica BnF",1869-1937
Camille SAINT-SAËNS,,"Menant de front une carrière de pianiste et de compositeur, Camille Saint-Saëns (1835-1921) est un ardent défenseur de la musique française et remet à l’honneur les grands compositeurs du passé.",,,./0051564-biographie-camille-saint-saens.aspx,,,https://drop.philharmoniedeparis.fr/biographies/compositeurs/Saint-saens-Camille/Camille-Saint-Saens-1900-1910©BnF_LQ.jpg,Portrait du compositeur Camille Saint-Saëns 1900 - 1910 © Gallica Bnf,1835-1921
Franz SCHUBERT,,"Discret et timide, Franz Schubert (1797-1828) s’épanouit au piano dans l’intimité des cercles musicaux viennois, et s’illustre dans le genre du lied dont les textes poétiques reflètent sa solitude.",,,./0051606-biographie-franz-schubert.aspx,,,https://drop.philharmoniedeparis.fr/biographies/compositeurs/Schubert-Franz/Franz-Schubert©Gallica-BnF_LQ.jpg,Portrait du compositeur Franz Schubert © Gallica - BnF,1797-1828
Robert SCHUMANN,,"Robert Schumann (1810-1856) est le compositeur romantique par excellence : esprit tourmenté, il aime trouver refuge dans l’intimité du lied et des pièces pour piano, où se dévoile toute sa sensibilité.",,,./0038265-robert-schumann.aspx,,,https://drop.philharmoniedeparis.fr/biographies/compositeurs/Schumann-Robert/Portrait-de-Robert-Schumann-d-apres-Carl-Jager-©Osterreichische-Nationalbibliothek_350.jpg,Portrait de Robert Schumann d’après Carl Jäger © Österreichische Nationalbibliothek,1810-1856
Christian SINDING,,"Le style du compositeur norvégien Christian Sinding (1856-1941) se reconnaît à ses courtes phrases mélodiques, ses modulations brusques et une orchestration dans le sillage de la grandeur wagnérienne.",,,./0054080-biographie-de-christian-sinding.aspx,,,https://drop.philharmoniedeparis.fr/biographies/compositeurs/Sinding-Christian/Christian-Sinding©Library-of-Congress_LQ.jpg,Christian Sinding © Library of Congress,1856-1941
Johann STRAUSS,,"Johann Strauss (1825-1899) mène la valse viennoise à des sommets en faisant de cette danse populaire un brillant divertissement au style raffiné, à l’image de sa célèbre valse Le Beau Danube bleu.",,,./0035841-biographie-johann-strauss.aspx,,,https://drop.philharmoniedeparis.fr/biographies/compositeurs/Strauss-Johann/Johann-Strauss-Fritz-Luckhardt©Gallica-BnF_LQ.jpg,Portrait du compositeur Johann Strauss par Fritz Luckhardt © Gallica BnF,1825-1899
Richard STRAUSS,,"Grand compositeur de poèmes symphoniques, opéras et lieder, Richard Strauss (1864-1949) écrit d’abord dans un style moderne, riche et dense, avant de revenir à une écriture plus classique.",,,./0048854-biographie-richard-strauss.aspx,,,https://drop.philharmoniedeparis.fr/biographies/compositeurs/Strauss-richard/Richard-Strauss©Library-of-congress_LQ.jpg,Portrait du compositeur Richard Strauss Richard Strauss © Library of congress,1864-1949
Igor STRAVINSKI,,"Célèbre pour ses ballets (L’Oiseau de feu, Le Sacre du printemps, Petrouchka), Igor Stravinski (1882-1971) s’inspire du folklore russe mais aussi de musiques d’époques et de styles différents.",,,./0038399-biographie-igor-stravinski.aspx,,,https://drop.philharmoniedeparis.fr/CMDP/CMDP000005200/stravinski-igor©D.R-wikimedia_LQ.jpg,Portrait du compositeur stravinski igor © D.R wikimedia,1882-1971
Germaine TAILLEFERRE,,"Germaine Tailleferre (1892-1983), membre du groupe des Six, aborde tous les genres musicaux en composant des œuvres pleines d’élégance et de légèreté, parfois teintées d’humour.",,,./0059988-biographie-germaine-tailleferre.aspx,,,https://drop.philharmoniedeparis.fr/Biographies/compositeurs/Tailleferre-Germaine/Germaine-Tailleferre-vers-1937©Ministere-de-la-Culture-Mediatheque-du-Patrimoine-Dist-RMN-Grand-Palais-Studio-Harcourt_LQ.jpg,Portrait du compositeur Piotr Ilitch Tchaïkovski par L. Denis © Gallica BnF,1892-1983
Piotr Ilitch TCHAÏKOVSKI,,"Souvent incompris par ses contemporains, Piotr Ilitch Tchaïkovski (1840-1893) mêle dans ses œuvres le folkore russe et les influences des compositeurs occidentaux rencontrés lors de ses voyages.",,,./0039281-biographie-piotr-ilitch-tchaikovski.aspx,,,https://drop.philharmoniedeparis.fr/Biographies/compositeurs/Tchaikovski-Piotr-Illitch/Tchaikovski-en-1888-tchaikovsky-research_350.jpg,Portrait du compositeur Piotr Ilitch Tchaïkovski par L. Denis © Gallica BnF,1840-1893
Georg Philipp TELEMANN,,"Compositeur prolifique multipliant les activités, Georg Philipp Telemann (1681-1767) s’attache à développer la musique auprès du public amateur, notamment grâce à l’édition de ses partitions.",,,./0043710-biographie-georg-philipp-telemann.aspx,,,https://drop.philharmoniedeparis.fr/Biographies/compositeurs/Telemann-Georg-Philipp/Georg-Philipp-Telemann©Herzog-August-Bibliothek_LQ.jpg,Georg Philipp Telemann © Herzog August Bibliothek,1681-1767
Ambroise THOMAS,,"Ambroise Thomas (1811-1896) se fait un nom grâce à ses œuvres lyriques (Raymond, Mignon...) qui lui valent la reconnaissance de ses pairs et sa nomination à la direction du Conservatoire de Paris.",,,./0059016-biographie-ambroise-thomas.aspx,,,https://drop.philharmoniedeparis.fr/Biographies/compositeurs/Thomas-Ambroise/Paul-Nadar-Portrait-d-Ambroise-Thomas©Philharmonie-de-Paris-JM-Angles_LQ.jpg,"Portrait du compositeur Ambroise Thomas, par Nadar © Philharmonie de Paris, J.-M. Anglès",1811-1896
Antonio VIVALDI,,"Compositeur prolifique, Antonio Vivaldi (1678-1741) fixe la forme du concerto de soliste à travers ses œuvres virtuoses, dont beaucoup destinées au violon comme les célèbres Quatre Saisons.",,,./0038400-biographie-antonio-vivaldi.aspx,,,https://drop.philharmoniedeparis.fr/biographies/compositeurs/vivaldi-antonio/Portrait-of-Antonio-Vivaldi-Bologne-1723©Civico-Museo-Bibliografico-Musicale-Bologna_LQ.jpg,"Portrait d’Antonio Vivaldi, Bologne, 1723 © Civico Museo Bibliografico Musicale Bologna",1678-1741
Richard WAGNER,,"Auteur de ses propres livrets, Richard Wagner (1813-1883) fait de ses opéras (la Tétralogie de l’Anneau, Parsifal...) des œuvres d’art totales, réalisant la parfaite cohésion entre poésie et musique.",,,./0049603-biographie-richard-wagner.aspx,,,https://drop.philharmoniedeparis.fr/biographies/compositeurs/wagner-richard/Richard-Wagner©BnF_LQ.jpg,Portrait du compositeur Richard Wagner © BnF,1813-1883
Carl Maria Von WEBER,,"Compositeur et chef d’orchestre, Carl Maria von Weber (1786-1826) est le père de l’opéra romantique allemand avec son opéra Der Freischütz. Il compose également beaucoup pour piano.",,,./0043677-biographie-carl-maria-von-weber.aspx,,,https://drop.philharmoniedeparis.fr/biographies/compositeurs/Von-Weber-Carl-Maria/Caroline-Bardua-Carl-Maria-von-Weber-1821©Bellevue-Palace_LQ.jpg,"Portrait du compositeur Carl Maria von Weber, par Caroline Bardua, 1821 © Bellevue Palace",1786-1826
John WILLIAMS,,"Compositeur de musiques de film, John Williams (1932-) enchaîne les succès : Star Wars, Indiana Jones, E.T., Harry Potter... Il collabore notamment à de nombreux films du réalisateur Steven Spielberg.",,,./0037948-biographie-john-williams.aspx,,,https://drop.philharmoniedeparis.fr/biographies/compositeurs/Williams-John/John-Williams-en-2007©TashTish-CC_LQ.jpg,Portrait du compositeur John Williams en 2007 © TashTish CC,1932-
Iannis XENAKIS,,"Compositeur et architecte, Iannis Xenakis met à profit ses connaissances scientifiques pour allier dans ses œuvres musique et mathématiques, et y intégrer la dimension spatiale.",,,./0745392-iannis-xenakis.aspx,,,https://drop.philharmoniedeparis.fr/biographies/compositeurs/Xenakis-Iannis/xenakis2.jpg,"Iannis Xenakis au festival de Chiras à Persepolis, 1971. Photo de Malie Létrange",1922-2001
